<?xml version="1.0" encoding="utf-8" ?>

<!-- Control Panel Configuration File          
     For documentation see TUSBAudio_UserManual.pdf, section "Control Panel Customization".
-->
       
<ControlPanel FormatVersionMajor="3" FormatVersionMinor="0">
    <!-- ++++++++++++++++++++++++++++++++++++++++++++++++++++++++++++++++++++ -->
    <!-- GUID required to locate the driver DLL.
         IMORTANT: This GUID must be equal to the one specified in the 
         InterfaceGUID= statement in custom.ini. -->
    <DriverInterfaceGUID>{E3688E21-71AD-43EB-9081-BC7135CAC19C}</DriverInterfaceGUID>     
    <!-- ++++++++++++++++++++++++++++++++++++++++++++++++++++++++++++++++++++ -->  
    <NotificationArea>    
        <Enable>True</Enable>    
    </NotificationArea>
    <!-- ++++++++++++++++++++++++++++++++++++++++++++++++++++++++++++++++++++ -->
    <PageOptions>
        <!-- Supported values for this page: Hidden (default), Visible  -->
        <Visibility>Hidden</Visibility>       
    </PageOptions>
    <!-- ++++++++++++++++++++++++++++++++++++++++++++++++++++++++++++++++++++ -->
    <PageStreamFormats>    
        <!-- Supported values for this page: Hidden, Visible, Auto (default) -->
        <Visibility>Auto</Visibility>         
    </PageStreamFormats>
    <!-- ++++++++++++++++++++++++++++++++++++++++++++++++++++++++++++++++++++ -->
    <PageClockSource>  
        <!-- Supported values for this page: Hidden, Visible, Auto (default) -->
        <Visibility>Auto</Visibility>
    </PageClockSource>
    <!-- ++++++++++++++++++++++++++++++++++++++++++++++++++++++++++++++++++++ -->
    <PageAsioDevice>
      <!-- Supported values for this page: Hidden, Visible, Auto (default) -->
      <Visibility>Auto</Visibility>
    </PageAsioDevice>
    <!-- ++++++++++++++++++++++++++++++++++++++++++++++++++++++++++++++++++++ -->
    <PageBufferSettings>    
        <!-- Supported values for this page: Hidden, Visible (default) -->
        <Visibility>Visible</Visibility>
        <!-- ................................................................ -->
        <BufferSettingsSection>
            <DisplaySafeMode>True</DisplaySafeMode>
        </BufferSettingsSection>
    </PageBufferSettings>
    <!-- ++++++++++++++++++++++++++++++++++++++++++++++++++++++++++++++++++++ -->
    <PageVolumeControl>    
        <!-- Supported values for this page: Hidden, Visible, Auto (default) -->
        <Visibility>Auto</Visibility>       
    </PageVolumeControl>
    <!-- ++++++++++++++++++++++++++++++++++++++++++++++++++++++++++++++++++++ -->
    <PageClientInfo>
        <!-- Supported values for this page: Hidden, Visible (default) -->
        <Visibility>Hidden</Visibility>   
    </PageClientInfo>
    <!-- ++++++++++++++++++++++++++++++++++++++++++++++++++++++++++++++++++++ -->
    <PageInfo>
        <!-- Supported values for this page: Hidden, Visible (default) -->
        <Visibility>Visible</Visibility>
    </PageInfo>
    <!-- ++++++++++++++++++++++++++++++++++++++++++++++++++++++++++++++++++++ -->
    <PageAbout>
        <!-- Supported values for this page: Hidden, Visible (default) -->
        <Visibility>Visible</Visibility>
        <!-- ................................................................ -->
        <TableDriverInfo>
            <DisplayVersion>True</DisplayVersion>
            <DisplayCopyright>False</DisplayCopyright>
        </TableDriverInfo>
    </PageAbout>
    <!-- ++++++++++++++++++++++++++++++++++++++++++++++++++++++++++++++++++++ -->
</ControlPanel>
